"","season","team","total_experience","num_players","total_salaries","min_salary","max_salary","median_salary","total_points","wins","losses","adjusted_salaries","adjusted_max_salary","adjusted_min_salary"
"1",2010,"ATL",79,14,65883642,307564,14976754,3403820,8338,53,29,65883642,14976754,307564
"2",2010,"BOS",89,14,83552174,193802,19795712,3206896.5,8136,50,32,83552174,19795712,193802
"3",2010,"BRK",74,17,59366715,736000,10560000,2416067,7575,12,70,59366715,10560000,736000
"4",2010,"CHI",69,17,69700359,43319,12250000,2455680,7993,41,41,69700359,12250000,43319
"5",2010,"CHO",76,14,68681758,457588,11850000,5122397,7813,44,38,68681758,11850000,457588
"6",2010,"CLE",68,17,83398534,53834,2e+07,2644230,8373,61,21,83398534,2e+07,53834
"7",2010,"DAL",101,14,88916075,1e+06,19795714,5350000,8364,55,27,88916075,19795714,1e+06
"8",2010,"DEN",70,14,74935538,884881,15779912,2556208.5,8729,53,29,74935538,15779912,884881
"9",2010,"DET",72,15,60185833,457588,11625000,1805040,7709,27,55,60185833,11625000,457588
"10",2010,"GSW",58,19,65352372,43319,1.1e+07,2671440,8922,26,56,65352372,1.1e+07,43319
"11",2010,"HOU",49,19,68914971,48559,16378325,2300000,8395,42,40,68914971,16378325,48559
"12",2010,"IND",63,16,66733257,457588,11047619,2217080,8263,32,50,66733257,11047619,457588
"13",2010,"LAC",82,18,61616409,26917,12150000,2659940,7849,29,53,61616409,12150000,26917
"14",2010,"LAL",81,13,91378064,959111,23034375,5048000,8339,57,25,91378064,23034375,959111
"15",2010,"MEM",50,19,57287474,26917,1.6e+07,2e+06,8404,40,42,57287474,1.6e+07,26917
"16",2010,"MIA",84,15,74208013,255054,23016000,1362120,7914,47,35,74208013,23016000,255054
"17",2010,"MIL",76,16,66775602,303232,17040000,2834260,8009,46,36,66775602,17040000,303232
"18",2010,"MIN",27,17,62253360,736420,1.2e+07,2969280,8051,15,67,62253360,1.2e+07,736420
"19",2010,"NOP",61,14,70163827,69518,13520500,3263020,8220,37,45,70163827,13520500,69518
"20",2010,"NYK",60,15,85710076,736420,23239562,3089040,8373,29,53,85710076,23239562,736420
"21",2010,"OKC",53,19,58438646,175908,7350000,2759628,8322,50,32,58438646,7350000,175908
"22",2010,"ORL",70,13,82200916,1306455,18876000,4e+06,8426,59,23,82200916,18876000,1306455
"23",2010,"PHI",60,14,64883448,650000,14858471,1902700,8014,27,55,64883448,14858471,650000
"24",2010,"PHO",63,15,65288544,451866,16378325,1766280,9039,54,28,65288544,16378325,451866
"25",2010,"POR",65,17,56946258,51983,9e+06,2143080,8045,50,32,56946258,9e+06,51983
"26",2010,"SAC",40,19,67515718,76850,13655268,2035920,8200,25,57,67515718,13655268,76850
"27",2010,"SAS",77,14,79338309,736420,22183220,2870190,8312,50,32,79338309,22183220,736420
"28",2010,"TOR",42,16,67822433,85519,15779912,2974653,8534,40,42,67822433,15779912,85519
"29",2010,"UTA",46,12,71905244,269169,16452000,4427557.5,8547,53,29,71905244,16452000,269169
"30",2010,"WAS",68,16,73440274,80488,16192080,2000100,7892,26,56,73440274,16192080,80488
"31",2011,"ATL",80,14,71469843,473604,16324500,2864045,7790,44,38,69282908.1893669,15824979.9812394,459111.998470697
"32",2011,"BOS",93,14,82045867,136509,18800000,4999552,7913,56,26,79535312.1270745,18224731.1493338,132331.905556618
"33",2011,"BRK",55,15,58495989,52066,14940152,3250000,7722,24,58,56706046.427627,14482992.2090522,50472.8112777242
"34",2011,"CHI",65,13,54538076,208264,14400000,3100000,8087,62,20,52869243.218188,13959368.5399153,201891.245110897
"35",2011,"CHO",71,18,66542696,473604,9e+06,2770200,7650,34,48,64506528.965524,8724605.33744704,459111.998470697
"36",2011,"CLE",55,17,53990021,321652,13358905,1020960,7827,19,63,52337958.3761642,12950130.4294942,311809.639555613
"37",2011,"DAL",103,16,85409890,134863,17278618,2983393,8220,57,25,82796398.0183072,16749902.5362787,130736.272180458
"38",2011,"DEN",59,14,68019290,473604,16545454,3435828,8811,50,32,65937940.0648176,16039172.9198761,459111.998470697
"39",2011,"DET",78,15,65517821,473604,12500000,2798040,7951,30,52,63513014.5327222,12117507.4131209,459111.998470697
"40",2011,"GSW",31,15,68415336,342666,11968253,3065040,8477,36,46,66321867.2920925,11602031.5559685,332180.623617959
"41",2011,"HOU",52,15,72315654,780871,17686100,2669520,8685,43,39,70102837.8743748,17144915.8287358,756976.81049529
"42",2011,"IND",62,16,65088630,750000,10973202,2153704.5,8183,37,45,63096956.5227906,10637428.5264538,727050.444787254
"43",2011,"LAC",62,16,53225329,5e+05,11800000,2481660,8089,32,50,51596665.4978639,11438926.9979861,484700.296524836
"44",2011,"LAL",119,14,91428140,473604,24806250,3850000,8321,57,25,88630493.1374284,24047193.4613384,459111.998470697
"45",2011,"MEM",58,17,70241344,203057,17666666,2020200,8195,46,36,68092000.530206,17126076.4976105,196843.576222887
"46",2011,"MIA",135,18,66205855,222712,14500000,1290718,8369,58,24,64179995.1003605,14056308.5992202,215897.144879278
"47",2011,"MIL",87,17,69076690,98637,18300000,2e+06,7534,35,47,66962984.2519083,17740030.852809,95618.7662966404
"48",2011,"MIN",32,16,53461123,83305,11530592,3415140,8288,17,65,51825244.3413014,11177762.7230138,80755.9164040029
"49",2011,"NOP",57,17,68230729,67432,14940153,2500000,7784,46,36,66142909.1568114,14482993.1784528,65368.6207905254
"50",2011,"NYK",62,15,67016562,473604,17149243,1400000,8734,42,40,64965894.9469501,16624486.3345529,459111.998470697
"51",2011,"OKC",52,14,55922488,1200000,13250000,3633860,8596,55,27,54211293.0320131,12844557.8579081,1163280.71165961
"52",2011,"ORL",78,14,90770804,1028400,17730694,3750000,8135,52,30,87993271.2291955,17188145.2787822,996931.569892282
"53",2011,"PHI",53,14,68915246,762195,15959099,3788520,8119,41,41,66806480.342564,15470760.0351384,738872.285019494
"54",2011,"PHO",70,16,65979054,58504,17300000,2737534,8611,40,42,63960134.0764563,16770630.2597593,56713.812295778
"55",2011,"POR",50,15,74584058,27859,13520500,1645440,7896,48,34,72301830.0572511,13106780.7183281,27006.5311217708
"56",2011,"SAC",32,16,45268465,473604,13428129,1185660,8151,24,58,43883276.8174483,13017236.2161475,459111.998470697
"57",2011,"SAS",79,19,69522311,55718,18700000,918000,8502,61,21,67394969.5135837,18127791.0900289,54013.0622435416
"58",2011,"TOR",46,19,69992648,58393,14896000,2292600,8124,22,60,67850914.4803169,14440191.2340679,56606.2088299495
"59",2011,"UTA",72,14,75855296,473604,17823000,3350000,8153,39,43,73534168.9283584,17277626.7699243,459111.998470697
"60",2011,"WAS",58,18,58324988,89670,19573711,2050520,7977,23,59,56540277.956815,18974767.0515829,86926.151178764
"61",2012,"ATL",115,16,73669912,122237,18038573,1352181,6375,40,26,69967709.6573604,17132063.8783592,116094.110786867
"62",2012,"BOS",99,15,79820530,473604,21247044,2246400,6062,39,27,75809234.9524813,20179296.6125596,449803.539395629
"63",2012,"BRK",76,20,65281235,61433,16359805,1871540,6144,22,44,62000596.6147199,15537660.5620356,58345.7505335505
"64",2012,"CHI",73,14,69548447,277566,13500000,4055000,6359,50,16,66053364.4565276,12821571.9922995,263617.218638118
"65",2012,"CHO",57,15,57902024,473604,10262069,2750000,5739,7,59,54992219.9419149,9746359.73877366,449803.539395629
"66",2012,"CLE",45,18,64875599,61433,15076715,1795980,6140,21,45,61615345.4164482,14319050.8725838,58345.7505335505
"67",2012,"DAL",114,13,74463409,788872,19092873,3e+06,6322,36,30,70721330.3174473,18133381.1636541,749228.084496982
"68",2012,"DEN",53,15,58553173,289382,1.3e+07,3059000,6872,38,28,55610646.1479307,12346698.9555476,274839.418242637
"69",2012,"DET",62,15,70923605,374289,12500000,3250000,5997,25,41,67359415.3674748,11871825.9187958,355479.508105613
"70",2012,"GSW",50,17,61576901,116768,11610000,2956658,6453,23,43,58482419.9432738,11026551.9133775,110899.949510876
"71",2012,"HOU",40,16,57021755,270427,11519840,2297066.5,6474,34,32,54156187.9155379,10940922.8073904,256836.981419375
"72",2012,"IND",48,14,51554083,810000,12015904,2404620,6449,42,24,48963287.9023319,11412057.643597,769294.319537967
"73",2012,"LAC",95,17,67333389,42009,16359805,2000032,6438,40,26,63949621.8184447,15537660.5620356,39897.8828018154
"74",2012,"LAL",105,16,88264478,73818,25244493,2453100,6422,41,25,83828841.4103504,23975858.1043407,70108.3556538934
"75",2012,"MEM",69,17,70940349,65446,15200000,2e+06,6269,41,25,67375317.9157295,14436140.3172557,62157.0815265207
"76",2012,"MIA",95,15,74117458,248263,16022500,3e+06,6500,46,20,70392764.7135727,15217306.4627124,235786.80944624
"77",2012,"MIL",62,15,60192388,245884,1.2e+07,3500000,6535,31,35,57167484.157809,11396952.882044,233527.363537375
"78",2012,"MIN",42,15,56844339,5e+05,6262347,4300000,6464,26,40,53987687.7661611,5947639.47416744,474873.036751832
"79",2012,"NOP",51,18,65441008,76392,14030000,2335820,5916,21,45,62152340.3941218,13324937.4112564,72553.0020470918
"80",2012,"NYK",82,16,76208092,473604,18518574,1352181,6458,36,30,72378336.1462059,17587942.943387,449803.539395629
"81",2012,"OKC",59,16,59501709,475000,15506632,3286498.5,6802,47,19,56511514.4895076,14727362.8552663,451129.38491424
"82",2012,"ORL",68,16,86962825,414443,19269307,2973300,6215,37,29,82592601.5845362,18300948.6623866,393615.611941079
"83",2012,"PHI",54,14,66672368,305792,17059727,2896232,6180,35,31,63321819.7191913,16202408.7332944,290424.751308832
"84",2012,"PHO",88,16,80640576,51097,18300000,4125000,6492,33,33,76588070.4210737,17380353.145117,48529.1751178167
"85",2012,"POR",71,16,79568536,762195,16032144,1962082.5,6415,28,38,75569904.6404349,15226465.8138453,723891.708494124
"86",2012,"SAC",35,14,48950236,473604,8500000,3000642,6518,22,44,46490294.4380777,8072841.62478114,449803.539395629
"87",2012,"SAS",60,17,73732762,38172,21164619,1463520,6841,50,16,70027401.1980801,20101013.792451,36253.7071177818
"88",2012,"TOR",70,15,55063049,830000,9780992,2500000,5986,23,43,52295914.5828898,9289458.74697074,788289.24100804
"89",2012,"UTA",59,13,56948761,544331,1.4e+07,3240000,6577,36,30,54086862.1506485,13296445.0290513,516976.229936322
"90",2012,"WAS",51,15,55386345,270427,21136631,1680360,6180,20,46,52602963.6894692,20074432.2993458,256836.981419375
"91",2013,"ATL",84,18,66768365,165487,13200000,2336763.5,8032,44,38,62497553.6190799,12355667.3549196,154901.691179059
"92",2013,"BOS",86,19,73021989,33431,16790345,1352181,7818,41,40,68351167.0968634,15716357.3935104,31292.5996471452
"93",2013,"BRK",93,16,84290205,50258,19752645,1290703,7944,49,33,78898616.2316651,18489175.0757436,47043.2674184506
"94",2013,"CHI",80,14,75627699,589769,16402500,2056405.5,7641,45,37,70790203.9137867,15353320.7415961,552044.665169967
"95",2013,"CHO",60,15,57491899,44835,12400000,3007920,7661,21,61,53814453.0035328,11606839.030379,41967.1474134712
"96",2013,"CLE",48,21,68428583,251076,14850000,2225000,7913,24,58,64051576.4482201,13900125.7742845,235016.025515438
"97",2013,"DAL",129,20,67399169,23852,20907128,1688530,8293,41,41,63088008.4971218,19569812.0389943,22326.3164961774
"98",2013,"DEN",55,16,68566062,473604,14968250,3070214.5,8704,57,25,64180261.659757,14010811.9610057,443310.112269646
"99",2013,"DET",42,14,63057497,473604,11046591,3233840,7778,29,53,59024049.7852909,10340000.2880188,443310.112269646
"100",2013,"GSW",45,13,69695346,473604,1.3e+07,4e+06,8296,47,35,65237311.4668201,12168460.2737844,443310.112269646
"101",2013,"HOU",21,23,57323787,144867,8374646,1453520,8688,45,37,53657094.2194139,7838965.16600059,135600.641114025
"102",2013,"IND",52,16,66687960,122625,13686750,2814689.5,7674,49,32,62422291.6922866,12811282.5886322,114781.341620986
"103",2013,"LAC",113,16,74354449,250000,17779458,2987500,8289,56,26,69598396.8335101,16642202.1817245,234008.851418931
"104",2013,"LAL",107,15,100451593,192228,27849149,3500000,8381,45,37,94026247.6045279,26067789.4819387,179932.213962233
"105",2013,"MEM",55,14,62954838,61290,16500000,2979038.5,7659,56,26,58927957.3265796,15444584.1936495,57369.6100138652
"106",2013,"MIA",120,16,81558311,186656,17545000,3112500,8436,66,16,76341466.723112,16422741.1925806,174716.624681808
"107",2013,"MIL",75,15,62476395,854389,1.1e+07,3524880,8108,38,44,58480117.7389819,10296389.462433,799738.354219878
"108",2013,"MIN",53,21,69001896,80413,13668750,2575000,7851,31,51,64588217.7147542,12794433.9513301,75269.4150766021
"109",2013,"NOP",35,17,63901224,44835,13700000,2323200,7714,27,55,59813808.1300154,12823685.0577574,41967.1474134712
"110",2013,"NYK",115,15,77970893,437470,19948799,2806452,8196,54,28,72983516.4601536,18672782.1647085,409487.40892096
"111",2013,"OKC",71,15,67863244,413608,16669630,2020200,8669,60,22,63522399.1280107,15603363.8795142,387151.732070726
"112",2013,"ORL",42,19,87114818,473504,20807922,1768800,7718,20,62,81542554.006997,19476951.7105389,443216.508729079
"113",2013,"PHI",70,18,84032270,89670,16889000,2909522,7640,34,48,78657179.9393021,15808701.9664573,83934.2948269423
"114",2013,"PHO",50,18,60844774,473604,7500000,2781520,7805,25,57,56952862.7143378,7020265.54256794,443310.112269646
"115",2013,"POR",33,17,73656857,550000,16359805,2338721,7995,33,49,68945426.0227939,15313356.7099508,514819.473121649
"116",2013,"SAC",54,14,54317436,762195,8083000,3125000,8219,28,54,50843043.2415253,7565974.18407689,713441.50602901
"117",2013,"SAS",69,16,69787704,145749,14107492,2680960,8448,58,24,65323761.8248175,13205111.9972871,136426.224341831
"118",2013,"TOR",57,16,66974563,181018,16460538,2959625,7971,34,48,62690562.2476594,15407646.3644707,169439.257064609
"119",2013,"UTA",55,13,64717649,473604,1.5e+07,3480000,8038,43,39,60578010.8360942,14040531.0851359,443310.112269646
"120",2013,"WAS",70,20,66343388,67253,13490000,1490820,7644,29,53,62099760.1004821,12627117.6225655,62951.1891379096
"121",2014,"ATL",50,14,55131673,1e+05,1.2e+07,2028772.5,8282,38,44,50781427.7832184,11053122.4655312,92109.3538794269
"122",2014,"BOS",60,11,63769609,1210080,1.2e+07,5058198,7892,25,57,58737774.8213369,11053122.4655312,1114596.86942417
"123",2014,"BRK",116,15,102608995,788872,21466718,3183000,8079,44,38,94512482.3166734,19772855.2489186,726624.902135712
"124",2014,"CHI",73,13,85095835,1e+06,17632688,4059000,7680,48,34,78381223.7968032,16241354.9883752,921093.538794269
"125",2014,"CHO",56,14,60819062,788872,13500000,2850960,7942,43,39,56020045.043728,12434762.7737226,726624.902135712
"126",2014,"CLE",30,11,47050404,1467840,9036364,4062000,8054,33,49,43337823.12206,8323336.49459313,1352017.93998378
"127",2014,"DAL",87,14,67486257,788872,22721381,2916000,8597,49,33,62161155.2801095,20928517.2315829,726624.902135712
"128",2014,"DEN",67,15,67324401,788872,10786517,3231683,8559,36,46,62012070.7642944,9935391.11479454,726624.902135712
"129",2014,"DET",59,12,59157073,884293,13500000,3438398.5,8286,29,53,54489197.7142809,12434762.7737226,814516.568701
"130",2014,"GSW",60,13,66764126,788872,1.4e+07,2317920,8549,51,31,61496005.0818465,12895309.5431198,726624.902135712
"131",2014,"HOU",38,16,63413126,1e+05,20513178,1226218,8829,54,28,58409420.6333469,18894555.7159367,92109.3538794269
"132",2014,"IND",47,12,55015196,788872,14283844,3141001.5,7933,56,26,50674141.5711003,13156756.4175453,726624.902135712
"133",2014,"LAC",92,13,73103861,947907,18668431,3250000,8850,57,25,67335494.0280143,17195371.1735266,873111.013077859
"134",2014,"LAL",90,12,76755609,788872,30453805,2366500,8442,27,55,70699095.5161192,28050803.0172006,726624.902135712
"135",2014,"MEM",77,14,73789859,788872,17800000,3144430,7884,50,32,67967362.3534401,16395464.990538,726624.902135712
"136",2014,"MIA",115,14,82218984,788872,19067500,3249525,8380,54,28,75731374.9286294,17562951.0509597,726624.902135712
"137",2014,"MIL",38,14,49175131,788872,8e+06,3151684,7829,15,67,45294895.4334617,7368748.31035415,726624.902135712
"138",2014,"MIN",41,14,67485845,916099,14693906,4251060,8768,40,42,62160775.7895715,13534461.8762503,843812.869795891
"139",2014,"NOP",39,13,62186089,788872,14283844,2676000,8177,34,48,57279204.7807854,13156756.4175453,726624.902135712
"140",2014,"NYK",98,13,88890427,884293,22407474,1703760,8084,37,45,81876397.9703636,20639379.5221006,814516.568701
"141",2014,"OKC",73,14,71181364,1082520,17832627,2101020,8705,59,23,65564694.462963,16425517.5094282,997102.177615572
"142",2014,"ORL",45,17,80664910,788872,22346536,2500000,7914,23,59,74299927.4084212,20583249.9240335,726624.902135712
"143",2014,"PHI",23,14,58945006,788872,14021788,3002950.5,8155,19,63,54293864.1707894,12915378.329143,726624.902135712
"144",2014,"PHO",23,17,64412586,2e+05,14487500,2626473,8629,48,34,59330016.7816302,13344342.643282,184218.707758854
"145",2014,"POR",58,14,61539586,788872,14128000,2948988,8753,54,28,56683715.0446742,13013209.5160854,726624.902135712
"146",2014,"SAC",66,15,78765372,884293,17888931,4588384,8241,28,54,72550275.229927,16477378.7600365,814516.568701
"147",2014,"SAS",69,14,63666028,788872,12500000,3256250,8639,62,20,58642367.031495,11513669.2349284,726624.902135712
"148",2014,"TOR",50,14,53076014,788872,9500000,3354720,8305,48,34,48887973.5603542,8750388.61854555,726624.902135712
"149",2014,"UTA",38,12,54491476,1078800,11046000,3726091.5,7791,25,57,50191746.462963,10174399.2295215,993675.709651257
"150",2014,"WAS",54,14,64064905,916099,1.3e+07,3809460,8254,44,38,59009770.0589686,11974216.0043255,843812.869795891
"151",2015,"ATL",74,17,58337671,29843,1.2e+07,2e+06,8409,60,22,53670745.927828,11040018.2265407,27455.6053278879
"152",2015,"BOS",46,21,61092622,48028,10105855,2075760,8312,40,42,56205305.0322635,9297401.9495648,44185.8329486914
"153",2015,"BRK",60,16,91873492,62552,23180790,2405920,8038,38,44,84523752.1846619,21326362.0088011,57547.9350088812
"154",2015,"CHI",82,16,81244225,333333,18862875,2503980,8265,50,32,74744810.4000979,17353873.6504133,306666.866292291
"155",2015,"CHO",72,18,75954458,53838,13666667,3511045.5,7721,33,49,69878216.7255851,12573354.3980052,49531.0417733749
"156",2015,"CLE",104,15,82038768,434547,20644400,2732000,8457,53,29,75475791.1669121,18992879.3563331,399783.900024049
"157",2015,"DAL",112,21,83970065,25000,14700000,1310286,8628,50,32,77252587.3403174,13524022.3275124,23000.0379719598
"158",2015,"DEN",53,19,56278056,19914,11595506,1762680,8320,30,52,51775896.9995232,10667883.1321635,18320.9102469443
"159",2015,"DET",63,16,66738182,107676,1.4e+07,2886240,8077,32,50,61399228.8071826,12880021.2642975,99062.0835467498
"160",2015,"GSW",74,19,73623654,35000,15012000,1145685,9016,67,15,67733873.5053773,13811062.8014024,32200.0531607437
"161",2015,"HOU",66,22,87299371,150000,21436271,1551300,8522,56,26,80315553.9171283,19721401.8790888,138000.227831759
"162",2015,"IND",72,15,75174324,507336,15925680,3135000,7981,38,44,69160492.2606564,14651649.7891712,466749.890581688
"163",2015,"LAC",104,19,80901123,55774,20068563,1448490,8751,56,26,74429156.0389677,18463108.4417067,51312.1647139235
"164",2015,"LAL",76,18,70914495,44765,23500000,1199404.5,8073,21,61,65241443.1104942,21620035.6936422,41183.8679925913
"165",2015,"MEM",91,18,75341226,59686,16500000,1710560,8062,55,27,69314042.3541602,15180025.0614935,54911.2106557758
"166",2015,"MIA",80,17,82351805,50000,20644400,2732000,7764,37,45,75763785.6823772,18992879.3563331,46000.0759439196
"167",2015,"MIL",59,21,61443341,59686,1.1e+07,1873200,8023,41,41,56527967.044963,10120016.7076623,54911.2106557758
"168",2015,"MIN",49,18,64733364,29843,12100000,2013900,8016,16,66,59554793.2021079,11132018.3784286,27455.6053278879
"169",2015,"NOP",55,19,69390028,96056,14898938,981084,8147,45,37,63838931.1550142,13707045.589675,88371.6658973829
"170",2015,"NYK",63,20,83022165,15000,23410988,1058622,7535,17,65,76380517.9005725,21538144.5184438,13800.0227831759
"171",2015,"OKC",70,16,78791632,915243,18995624,2621001.5,8524,45,37,72488421.1149074,17476002.9320429,842024.950142817
"172",2015,"ORL",53,20,53338463,1e+05,8175476,2134217,7847,25,57,49071466.974639,7521450.33755385,92000.1518878393
"173",2015,"PHI",40,27,56455990,40000,11250000,1e+06,7542,18,64,51939596.5497834,10350017.0873819,36800.0607551357
"174",2015,"PHO",50,22,66503432,29843,12173913,2038500,8397,39,43,61183258.4506259,11200018.4506934,27455.6053278879
"175",2015,"POR",77,17,92220907,50734,19317326,3150000,8429,51,31,84843374.512343,17771969.2606691,46675.3570587764
"176",2015,"SAC",77,19,73675912,29843,19317325,1768653,8310,29,53,67781950.9447508,17771968.3406675,27455.6053278879
"177",2015,"SAS",89,18,69614583,20000,12500000,2475375,8461,55,27,64045522.0960859,11500018.9859799,18400.0303775679
"178",2015,"TOR",63,17,75562364,25000,1.2e+07,3678360,8527,49,33,69517489.650042,11040018.2265407,23000.0379719598
"179",2015,"UTA",26,23,59061387,29843,14746000,816481,7801,38,44,54336565.7470646,13566342.3973808,27455.6053278879
"180",2015,"WAS",97,18,83108421,96056,14746000,4099346,8080,46,36,76459873.5515849,13566342.3973808,88371.6658973829
"181",2016,"ATL",82,16,71453126,75000,1.9e+07,2435000,8433,48,34,64918035.0700438,17262263.1839905,68140.5125683834
"182",2016,"BOS",52,22,77202316,9266,15493680,2107778.5,8669,48,34,70141405.1160841,14076630.6236068,8418.53319278188
"183",2016,"BRK",70,20,83831503,50000,24894863,1237860,8089,21,61,76164287.783973,22617983.0018624,45427.0083789223
"184",2016,"CHI",68,15,85385898,525090,20093063,2380440,8335,42,40,77576518.0777561,18255354.8251843,477065.356593766
"185",2016,"CHO",68,16,77609865,80000,13833333,3619278,8479,48,34,70511679.7528405,12568138.6819884,72683.2134062757
"186",2016,"CLE",107,15,105962520,8819,22971000,4950000,8555,57,25,96271205.6778344,20870076.1894445,8012.41573787431
"187",2016,"DAL",112,21,74040317,10000,16400000,1499187,8388,42,40,67268602.0147412,14900058.7482865,9085.40167578446
"188",2016,"DEN",65,22,72606354,99418,1.4e+07,1775860,8355,33,49,65965789.03042,12719562.3460982,90325.2463803139
"189",2016,"DET",57,21,76638790,60000,1.6e+07,2500000,8361,44,38,69629419.1096093,14536642.6812551,54512.4100547067
"190",2016,"GSW",85,16,93707197,458575,15500000,3844199,9421,73,9,85136752.4656864,14082372.5974659,416633.807347286
"191",2016,"HOU",102,18,90188412,83583,22359364,1967302.5,8737,41,41,81939794.9521139,20314380.3155075,75938.5128267092
"192",2016,"IND",73,17,71286088,265058,17120106,3700000,8377,45,37,64766274.3375318,15554303.9742008,240815.839738008
"193",2016,"LAC",99,18,95585714,61776,21468696,1215322,8569,53,29,86843460.6156654,19505172.6615307,56125.9773923261
"194",2016,"LAL",77,18,72415125,35000,2.5e+07,1327393.5,7982,17,65,65792049.8027141,22713504.1894611,31798.9058652456
"195",2016,"MEM",129,25,83200551,30888,19700000,1201440,8126,42,40,75591042.548159,17898241.3012954,28062.988696163
"196",2016,"MIA",116,16,85826352,12355,22192730,1834826,8204,48,34,77976688.2287267,20162986.6332232,11225.0137704317
"197",2016,"MIL",47,17,70993573,57726,16400000,2109294,8122,33,49,64500512.7104126,14900058.7482865,52446.3897136334
"198",2016,"MIN",75,17,72458417,247623,12365000,2148360,8398,29,53,65831382.3236489,11234099.1721075,224975.441916277
"199",2016,"NOP",90,22,84384711,44000,15514031,1437100,8423,30,52,76666899.4729987,14095120.3245572,39975.7673734516
"200",2016,"NYK",53,20,75311181,50000,22875000,1611180,8065,32,50,68423233.0062707,20782856.3333569,45427.0083789223
"201",2016,"OKC",80,15,94622660,352750,20158622,3344000,9038,55,27,85968487.3731183,18314917.8100305,320487.544113297
"202",2016,"ORL",35,19,63349656,1e+05,11250000,2380594,8369,35,47,57555707.0782769,10221076.8852575,90854.0167578446
"203",2016,"PHI",50,23,63646397,172739,1.2e+07,1100602,7988,10,72,57825308.1961443,10902482.0109413,156940.320007333
"204",2016,"PHO",74,22,69701209,55722,13086957,1329673.5,8271,23,59,63326348.1052803,11890026.1058719,50625.6752178062
"205",2016,"POR",48,18,61000674,525093,9638554,2854940,8622,44,38,55421562.5783581,8757013.4663739,477068.082214269
"206",2016,"SAC",75,18,71840771,35000,14728844,2249593.5,8740,33,49,65270226.1233047,13381746.3959968,31798.9058652456
"207",2016,"SAS",128,18,87365099,317475,19500000,1499187,8490,67,15,79374701.6859675,17716533.2677797,288438.789701967
"208",2016,"TOR",62,20,71934665,25000,13500000,2171000,8422,56,26,65355532.5937994,12265292.262309,22713.5041894611
"209",2016,"UTA",36,21,64783884,50000,15409570,1348440,8010,40,42,58858760.8257426,14000213.3101118,45427.0083789223
"210",2016,"WAS",89,18,84237317,176375,15851950,3650000,8534,41,41,76532986.1035386,14402133.3094451,160243.772056648
"211",2017,"ATL",79,20,96007250,50000,23180275,2299942.5,8459,43,39,85406971.7118146,20620912.3914817,44479.4386422977
"212",2017,"BOS",63,20,93465328,25000,26540100,2500227,8857,53,29,83145706.4391645,23609774.9902089,22239.7193211488
"213",2017,"BRK",64,27,84083139,31969,21165675,1315448,8673,20,62,74799416.4400457,18828746.8497063,28439.2634791123
"214",2017,"CHI",56,17,92571387,69500,23200000,2092200,8435,41,41,82350466.5619778,20638459.5300261,61826.4197127937
"215",2017,"CHO",63,18,90175926,119494,20869566,2140829.5,8601,36,46,80219491.3505875,18565331.6077676,106300.520822454
"216",2017,"CLE",145,18,127254579,5145,30963450,2025829.5,9048,51,31,113204244.771638,27544737.488577,4576.93423629243
"217",2017,"DAL",80,26,103994075,20000,2.5e+07,665468.5,8029,33,49,92511961.5625,22239719.3211488,17791.7754569191
"218",2017,"DEN",84,23,82573997,50000,15050000,2200000,9161,40,42,73456900.6602154,13388311.0313316,44479.4386422977
"219",2017,"DET",54,19,108968495,11949,22116750,3678319,8309,37,45,96937149.7459204,19674812.4918407,10629.6962467363
"220",2017,"GSW",102,23,101725589,35000,26540100,1171560,9503,67,15,90493941.8855418,23609774.9902089,31135.6070496084
"221",2017,"HOU",56,18,90498298,11534,26540100,1398120,9458,55,27,80506269.8624674,23609774.9902089,10260.5169060052
"222",2017,"IND",89,21,94008504,25000,18314532,2463840,8618,42,40,83628909.7104439,16292402.0471279,22239.7193211488
"223",2017,"LAC",124,18,116237541,3e+05,22868827,1877329.5,8911,51,31,103403611.456821,20343851.7473564,266876.631853786
"224",2017,"LAL",65,19,95226183,60000,1.8e+07,3267120,8575,26,56,84712143.2777742,16012597.9112272,53375.3263707572
"225",2017,"MEM",90,22,111209189,25000,26540100,1417154.5,8239,43,39,98930445.9717037,23609774.9902089,22239.7193211488
"226",2017,"MIA",60,20,101818405,31969,23741060,2745720,8460,41,41,90576509.9570823,21119780.4314621,28439.2634791123
"227",2017,"MIL",79,20,106512121,35166,17100000,2468463.5,8497,42,40,94751987.0136097,15211968.0156658,31283.2787859008
"228",2017,"MIN",61,19,81621379,138414,13550000,3500000,8657,31,51,72609462.3826044,12053927.8720627,123131.5404047
"229",2017,"NOP",80,25,101707386,20580,22116750,1227286,8556,34,48,90477748.7011097,19674812.4918407,18307.7369451697
"230",2017,"NYK",56,18,103595894,1e+05,24559380,2224829.5,8556,31,51,92157744.2153394,21847748.7160574,88958.8772845953
"231",2017,"OKC",55,21,91339949,50000,26540100,2440200,8741,47,35,81254993.1427219,23609774.9902089,44479.4386422977
"232",2017,"ORL",55,18,104110336,31969,1.7e+07,4130580,8288,29,53,92615386.0428198,15123009.1383812,28439.2634791123
"233",2017,"PHI",35,28,85674275,38903,11027027,1330190,8400,28,54,76214873.1617167,9809519.41706919,34607.6720300261
"234",2017,"PHO",73,21,85115778,23069,1.4e+07,2223600,8831,24,58,75718040.5008486,12454242.8198433,20521.9234007833
"235",2017,"POR",41,15,111872768,6e+05,24328425,6666667,8851,41,41,99520758.4,21642293.7410248,533753.263707572
"236",2017,"SAC",90,21,96043092,82979,13333333,3551160,8430,32,50,85438856.352611,11861183.3414165,73817.1867819843
"237",2017,"SAS",85,20,108640621,75000,20575005,1371869.5,8637,61,21,96645476.7166123,18303293.4492493,66719.1579634465
"238",2017,"TOR",53,19,108664969,50000,26540100,1921320,8762,51,31,96667136.4240535,23609774.9902089,44479.4386422977
"239",2017,"UTA",71,18,80598193,75000,16073140,2295300,8258,51,31,71699247.6044713,14298484.8883812,66719.1579634465
"240",2017,"WAS",55,18,102334382,175000,22116750,3128705.5,8953,49,33,91035517.303329,19674812.4918407,155678.035248042
"241",2018,"ATL",38,27,99701094,26773,16910113,1567200,8475,24,58,86578318.2199779,14684383.949185,23249.1061101443
"242",2018,"BOS",54,19,115075693,44495,29727900,2247480,8529,55,27,99929294.3359126,25815078.6811996,38638.5155332189
"243",2018,"BRK",59,17,95964560,1312611,19332500,2300000,8741,28,54,83333591.2394318,16787933.5104159,1139843.58944992
"244",2018,"CHI",40,26,90183960,50000,15550000,2174703,8440,27,55,78313840.6406831,13503290.6290944,43418.9409295639
"245",2018,"CHO",64,14,117228164,815615,23500000,4952240,8874,36,46,101798454.559945,20406902.236895,708262.790125325
"246",2018,"CLE",103,17,137912382,13156,33285709,2386864,9091,50,32,119760191.350269,28904604.6573931,11424.3917373869
"247",2018,"DAL",73,20,86136236,46080,23112004,2302865,8390,24,58,74798882.8555795,20069974.7287969,40014.8959606861
"248",2018,"DEN",79,16,107015203,1454756,31269231,3444326.5,9020,46,36,92929735.5524458,27153537.8740378,1263279.29661857
"249",2018,"DET",70,18,118897722,25000,29727900,3063105,8509,39,43,103248263.363554,25815078.6811996,21709.4704647819
"250",2018,"GSW",114,17,135371746,14832,34682550,1471382,9304,58,24,117553956.862119,30117591.7947329,12879.7946373458
"251",2018,"HOU",118,24,118271480,4608,28299399,1271398.5,9213,65,17,102704448.075442,24574598.6704632,4001.48959606861
"252",2018,"IND",73,21,93669385,7416,2.1e+07,2028360,8656,48,34,81340509.8844716,18235955.1904168,6439.89731867292
"253",2018,"LAC",66,20,119178226,166258,22642350,3654057,8937,42,40,103491847.095684,19662137.1431302,144374.925621349
"254",2018,"LAL",82,22,102260522,13824,22642350,1409040,8862,35,47,88800871.2828874,19662137.1431302,12004.4687882058
"255",2018,"MEM",70,23,110735427,27648,28530608,1312611,8145,22,60,96160299.2744607,24775375.6687309,24008.9375764116
"256",2018,"MIA",75,17,129458084,1312611,25289390,2705040,8480,44,38,112418658.04101,21960770.6110941,1139843.58944992
"257",2018,"MIL",76,20,115375243,297169,22471910,2071049.5,8731,44,38,100189417.211022,19514130.6572895,258055.265141951
"258",2018,"MIN",81,17,105179926,4608,19301070,3949999,8980,47,35,91336019.879398,16760640.3641476,4001.48959606861
"259",2018,"NOP",80,21,118896488,25000,25686667,1471382,9161,48,34,103247191.784092,22305757.5430076,21709.4704647819
"260",2018,"NYK",80,20,104405157,50000,20566802,3203257.5,8566,29,53,90663226.8904969,17859775.2229607,43418.9409295639
"261",2018,"OKC",90,16,133777615,340829,28530608,3554477.5,8844,48,34,116169647.267659,24775375.6687309,295968.684361647
"262",2018,"ORL",59,17,95538311,161280,1.7e+07,4186320,8479,25,57,82963445.6363861,14762439.9160517,140052.135862401
"263",2018,"PHI",61,19,100223563,74159,2.3e+07,1579440,9004,52,30,87032019.2329485,19972712.8275994,64398.1048079106
"264",2018,"PHO",59,21,92518634,87552,16384175,3152931,8522,21,61,80341222.0905988,14227670.5300927,76028.3023253036
"265",2018,"POR",48,19,119265264,83129,26153057,2844429,8661,49,33,103567429.051297,22710760.7402104,72187.4628106743
"266",2018,"SAC",58,21,95682824,55296,12307692,2451225,8104,27,55,83088937.6645972,10687739.0385453,48017.8751528233
"267",2018,"SAS",84,17,116153554,815615,21461010,2151704,8424,47,35,100865285.997698,18636286.5095756,708262.790125325
"268",2018,"TOR",50,17,116574876,92160,28703704,1645200,9156,59,23,101231153.098305,24925688.5687137,80029.7919213722
"269",2018,"UTA",59,18,106140633,92160,21974719,3600000,8540,48,34,92170277.4890704,19082380.5240953,80029.7919213722
"270",2018,"WAS",88,18,124030914,8313,24773250,2546520,8742,43,39,107705818.568116,21512565.5676664,7218.83311894929
"271",2019,"ATL",67,23,107076435,47371,25534253,2299080,9294,29,53,91328064.9869161,21778778.0978733,40403.8644590213
"272",2019,"BOS",60,17,125541941,17092,31214295,3050390,9216,49,33,107077738.871597,26623422.4391274,14578.1776051507
"273",2019,"BRK",63,21,118271871,4737,18919725,2165481,9204,42,40,100876921.43292,16137088.1869067,4040.30115349863
"274",2019,"CHI",39,21,112898444,88531,26011913,2280600,8605,22,60,96293796.3946381,22186185.7924015,75510.2177370461
"275",2019,"CHO",85,15,122327044,988464,2.4e+07,5e+06,9081,39,43,104335675.950449,20470176.8384985,843084.703270397
"276",2019,"CLE",77,19,124623504,76236,24119025,2775000,8567,19,63,106294381.879722,20571696.1217569,65023.5167274904
"277",2019,"DAL",77,20,88351669,4737,17325000,2246041.5,8927,33,49,75357262.0169368,14776908.9052911,4040.30115349863
"278",2019,"DEN",60,18,117304721,35000,29230769,2097911.5,9075,54,28,100052015.95253,24931625.4398041,29852.3412228102
"279",2019,"DET",86,17,125244035,838464,32088932,3275280,8778,41,41,106823647.684045,27369421.358273,715146.098029782
"280",2019,"GSW",98,16,146186409,486892,37457154,1904860.5,9650,57,25,124685901.817294,31948106.9269529,415281.889218758
"281",2019,"HOU",99,19,124810135,23685,35654150,917272,9341,53,29,106453563.945286,30410281.4802646,20201.5057674932
"282",2019,"IND",72,22,110804431,47371,2.1e+07,2533680,8857,48,34,94507762.3774667,17911404.7336861,40403.8644590213
"283",2019,"LAC",79,23,118370702,94742,21587579,3500000,9442,48,34,100961216.768217,18412564.9852107,80807.7289180425
"284",2019,"LAL",84,18,107275731,52108,35654150,2446943.5,9165,37,45,91498049.335383,30410281.4802646,44444.1656125199
"285",2019,"MEM",92,22,124877079,47371,30521116,1554707.5,8490,33,49,106510662.091881,26032193.4095135,40403.8644590213
"286",2019,"MIA",85,19,151716389,4737,26837720,2955840,8668,39,43,129402554.672018,22890536.4309211,4040.30115349863
"287",2019,"MIL",91,20,125890474,99290,24157304,2958140,9686,60,22,107375011.044266,20604345.2008903,84686.827428938
"288",2019,"MIN",89,20,121968101,56845,25467250,2418970,9223,36,46,104029524.838577,21721629.6287604,48484.4667660185
"289",2019,"NOP",68,20,114806900,34183,25976111,1981214.5,9466,33,49,97921564.3866587,22155649.4061027,29155.5022862664
"290",2019,"NYK",56,19,123388448,42634,22897200,3819960,8575,17,65,105240972.932828,19529572.2127695,36363.5633055226
"291",2019,"OKC",68,18,143896557,47371,35654150,2256363.5,9387,49,33,122732832.010045,30410281.4802646,40403.8644590213
"292",2019,"ORL",47,18,114566809,268083,21590909,3752177,8800,42,40,97716785.0021865,18415405.222247,228654.434058133
"293",2019,"PHI",82,18,112942947,59820,25467250,2639700,9445,51,31,96331754.072965,21721629.6287604,51021.9157699574
"294",2019,"PHO",79,25,109405766,47371,19245370,3208630,8815,19,63,93314807.3821409,16414838.6342639,40403.8644590213
"295",2019,"POR",63,18,132512467,333333,27977689,3158659,9402,53,29,113023068.033154,23862843.3901047,284307.7273378
"296",2019,"SAC",53,21,103537060,47371,24107258,3e+06,9363,39,43,88309246.9807594,20561659.7646378,40403.8644590213
"297",2019,"SAS",95,18,122398215,59820,27739975,2723660,9156,48,34,104396379.40694,23660091.4060636,51021.9157699574
"298",2019,"TOR",83,17,136242478,106237,31200000,1544951,9384,58,24,116204484.065635,26611229.890048,90612.0906996484
"299",2019,"UTA",74,15,111744016,1378242,23241573,5250000,9161,50,32,95309157.0068334,19823296.221453,1175535.72776024
"300",2019,"WAS",97,21,124396126,9474,25434262,2494346,9350,32,50,106100445.718506,21693493.3706959,8080.60230699727
